{
    "name": "libra mini",
    "vendorId": "0xDEED",
    "productId": "0x6970",
    "lighting": "none",
    "matrix": {
        "rows": 4,
        "cols": 12
    },
    "layouts": {
        "keymap": [
            [
                {
                    "y": 0.25,
                    "x": 0.25
                },
                "0,0",
                "0,1",
                {
                    "x": 9.25
                },
                "0,10",
                "0,11",
                "3,11"
            ],
            [
                {
                    "x": 0.13,
                    "w": 1.25
                },
                "1,0",
                "1,1",
                {
                    "x": 9.45
                },
                "1,10",
                {
                    "x": 1.7763568394002505e-15,
                    "w": 1.75
                },
                "1,11"
            ],
            [
                {
                    "w": 1.75
                },
                "2,0",
                "2,1",
                {
                    "x": 8.75
                },
                "2,10",
                "2,11",
                {
                    "w": 1.25
                },
                "3,10"
            ],
            [
                {
                    "ry": 4.5,
                    "y": -1.25,
                    "x": 0.13,
                    "w": 1.25
                },
                "3,0",
                "3,1",
                {
                    "x": 10.27
                },
                "3,8",
                {
                    "x": 1.7763568394002505e-15
                },
                "3,9"
            ],
            [
                {
                    "r": 8,
                    "rx": 1.25,
                    "ry": 1,
                    "y": -1,
                    "x": 1.25
                },
                "0,2",
                "0,3",
                "0,4",
                "0,5"
            ],
            [
                {
                    "x": 1.63
                },
                "1,2",
                "1,3",
                "1,4",
                "1,5"
            ],
            [
                {
                    "x": 2
                },
                "2,2",
                "2,3",
                "2,4",
                "2,5"
            ],
            [
                {
                    "x": 2.75,
                    "w": 1.25
                },
                "3,3",
                {
                    "w": 2
                },
                "3,4"
            ],
            [
                {
                    "r": -8,
                    "rx": 9.75,
                    "ry": 6.75,
                    "y": -6.25,
                    "x": -1.75
                },
                "0,6",
                "0,7",
                "0,8",
                "0,9"
            ],
            [
                {
                    "x": -1.6199999999999992
                },
                "1,6",
                "1,7",
                "1,8",
                "1,9"
            ],
            [
                {
                    "x": -2
                },
                "2,6",
                "2,7",
                "2,8",
                "2,9"
            ],
            [
                {
                    "x": -2,
                    "w": 2.25
                },
                "3,6",
                "3,7"
            ]
        ]
    }
}
